9.46978508943387,10.1683408789359,5.96698234553785,7.68213324393193,6.01294707614568,7.66310358555219,9.93118136488264,9.34307992146354,9.52408756463061,7.99985624714655,10.2862112758225,10.4657268650777,8.10395600608408,8.61940162769933,5.80154444155539,6.2528825603667,11.0056669575888,6.12830616904269,5.68655005146123,6.81897383610133,8.41495999161647,8.09690668483629,9.49641735476271,8.32234460351449,11.7711682968541,8.82640787219906,4.24376520045247,11.3033122581264,6.86470589519314,7.71271821615527,6.31789595233898,8.83322323080819,7.21994523552407,8.71036150053087,11.2126122871663,6.41674902880512,10.4094976081216,7.49298924358075,10.8176744400469,10.4699102712578,8.66425613315414,10.9558358645744,6.39515843159205,9.82911888892548
11.0523307516756,11.7523357975648,7.72965587233658,5.80007480091255,7.21014690134239,9.68030090497667,10.6109100549154,7.42278611718781,10.436043243109,8.46855225712204,11.1665421562028,11.8428304599848,8.48071608467089,10.4518671527915,6.54924041736053,5.94558408157523,11.147717137108,6.95609367267439,6.73483340323611,7.55444340096962,9.51942984456697,8.26147379420558,11.4716316626906,8.7495460797578,12.2094977955681,9.81568784254426,6.10162517507957,11.2347555149026,8.06724396818617,7.81858480077307,6.97087890210774,10.7285402247626,6.54881831605966,8.7670146724632,11.7586299607628,7.79967471843534,10.3074344148943,8.64656917624795,11.1318475708858,11.9364980348931,9.11968140913649,10.8584814823994,6.7279456656834,10.1229969895796
10.7628089031279,12.4008391558459,6.96819064053558,6.75961027286516,5.34758930321897,8.14754285205121,10.1711508337014,9.19802128366689,9.84016352518076,8.27503360449087,10.7073572232811,11.0952219891622,7.15009280251234,9.77421661053484,6.02165196736055,6.3817724825296,10.4521394817057,6.14803775430829,5.48454292936888,6.05357105665979,7.38718048091544,10.5470177984434,10.9352351113557,8.60716893584809,12.0175737849988,7.2646101878868,5.84572103574739,10.9466434327709,6.92069354311004,8.79852399777525,5.6576077264552,10.089899422756,7.06598393949183,9.05301233532625,10.112689435724,6.50344670261395,9.60861626509153,7.37472377244429,11.5979859454167,11.4039389585913,7.49627549413036,10.2434213914651,6.54924041736053,7.4638444854892
9.8499962433836,10.2754465057858,6.92286906669866,5.50527782163811,7.07081913158937,5.68764710336666,11.0208518059055,8.12051851574646,9.89806517664888,7.60471020066334,9.94844394149753,10.6708762199526,8.80957272721197,8.57779736808086,6.75920722341712,5.63661296720063,10.9025682108497,5.48901935558989,6.19670278536725,7.02849429363281,8.80403107373641,8.00115027238839,9.24108304355265,7.89862517064126,11.6766499534701,8.93349205148961,5.49970367991366,9.3987346525042,8.25244844305117,7.67157379045603,6.53033925668435,8.64592825394249,6.50897049301816,9.89340361767304,11.4233255397246,7.29975971271681,10.9197297228229,7.96367936508259,10.6863227095387,9.709916829845,9.23469377027932,10.8962980429528,5.41726421171544,8.80627456920931
8.90475888264491,10.1995378806881,6.06660245350207,3.8571919810901,6.10600058633913,7.31493927745979,10.9074835360562,7.19561850557176,9.77081571137241,7.09269831753166,9.43688763660038,10.3422142523012,7.61407140807576,8.46394824946996,6.5526890741286,5.68005388939687,10.9413806090077,5.2770653126402,6.3225208442526,7.96083109601878,9.06411498405991,8.04917840577251,9.29869831611892,7.09505419934196,11.3645999193587,8.83254144030993,5.50126105977393,9.66634742961617,8.59801806305829,8.02548656211615,6.37921185609605,8.63899761562119,6.61407978483588,9.5856928429012,11.3772215355418,7.51774481333829,10.7412590787318,7.89324788652104,10.549091323002,9.04492728751302,9.51014663815173,11.0148578409338,5.51240463507527,9.0546762606211
8.26667163604683,8.08202132221355,6.68351256876197,5.55595662840242,6.23716161743531,5.74014625991796,11.0220218565569,9.46448098919004,9.91126482724871,7.50071150279494,9.46387704417975,10.024085629325,7.88803561894268,8.32855770483294,6.6024420270522,5.6785373457629,10.8277780810874,5.82070046531327,5.37840251428172,7.18282507761174,9.09825881488876,7.92360376427906,9.21359447112495,7.25451015475195,11.5427393613641,8.90954186282898,3.77342845142828,9.73606514592056,7.52951772091802,7.79967471843534,5.08896166974374,8.47780554680228,6.75175946570232,9.99703285092867,11.4405275545658,7.61080778422909,11.2553988291746,8.21525427153146,9.84713928884848,9.36045634652622,9.36298699359639,11.0621661490893,6.48558945339508,8.58636463613991
9.32213265131645,9.55735134214328,6.07189576863312,5.56430425599246,6.13136373062497,5.75242974225421,10.9180249320414,7.88984156598511,9.75258050811394,7.67610776482619,9.69334041439794,10.407252381372,8.84126564279431,8.31145509930905,6.82866826340041,5.68818921468463,10.8095155393001,5.7310916348423,5.73681096758204,7.62937573531677,8.86059413388037,7.85733591067414,9.04934404029225,8.25663724268931,11.6206590712108,8.64052722198786,5.90326982550645,9.62499873778362,8.0021897215838,7.13046872547769,5.63397190655964,8.31345747776696,7.03612502705446,9.81995718471208,11.4461712869125,7.54921149446579,10.9795738478071,7.95196713285554,10.3936471307209,9.18504868521905,9.29452615383148,10.9147405112774,5.54426451494019,8.25312178694707
10.993112556877,11.6225116520092,7.22674366973701,6.06701313237674,7.31112566198739,9.52649494194732,10.7611847110191,8.02260119980749,10.0843376202798,7.87236801777845,11.1940264795241,11.6444630839293,8.68664908632482,10.4395644049644,7.1885813363504,5.36472353672509,10.9845728684382,5.98628847373418,6.43215883829076,7.10578184138488,9.52685427982918,9.36902828484232,11.4904653955158,7.86366550481777,12.0863271379054,9.82627585882062,6.41158521158976,11.1324652795361,8.44184563146082,7.85870904508547,7.45850680847617,10.6839386131719,6.58688848313471,8.42303271984278,11.6815622161955,7.61790872555171,10.4758438384681,8.62238357209908,11.3299314670034,12.0598784887909,8.94440326775053,10.7423728827499,7.32357097937941,9.8837379266928
10.0086040962039,11.3058201592773,6.92544561042788,4.62864590762575,4.51191670246827,8.25886505444422,10.7258340551681,8.27017380761804,9.73035425425033,8.36296517608711,10.0221234663796,10.3414415035738,8.40140706833036,9.00794717255616,6.22640237862931,5.86955199020911,11.1118485093796,6.46577144289005,6.77895519764867,7.40035843298616,9.46742226975968,8.49902466687611,10.4586422336518,8.56907396971171,11.9270266989557,9.34493325967108,6.11378913116401,10.56359472555,8.36829320060385,7.0513483876985,7.63270081085056,9.52351673231429,6.92439407129642,9.78600892374034,11.5427393613641,7.99412408899792,9.98747812826963,8.62558119296061,10.9510054190614,10.3947184935322,9.31285429551879,11.1942853994537,6.90516687500842,9.96118687701619
8.58908100017352,8.34187197010273,6.03559649924035,6.01552993452225,6.12403950330482,11.4070482192195,8.95136283570734,7.44972857508165,9.35790665286525,4.12338705716282,10.1370980251202,9.4662728123492,7.67824663642961,10.6167518460294,5.98412431949683,5.85903113394955,8.98529802022455,5.64187203844257,5.77268940898267,6.27615309904848,8.09818553129062,6.81404846153423,8.64377533405267,6.70678267668665,10.6072765423003,9.16888826263484,5.97014183167101,8.39607993086092,6.41535431758977,7.36320734016693,5.33099506575056,10.9272994962929,6.33352321504018,9.44847598194009,10.0390308024326,7.58058491171417,9.42985112159344,7.72836821579033,8.95952688332268,10.9662567769944,8.85231755901991,9.49723918196326,6.01385204715525,11.0496439833641
12.0840660481444,10.8744794516941,4.77035325572731,4.76565463853329,5.01424295886538,5.12283953727172,7.39867709779348,6.20557493836835,8.28806347046508,9.50208770140533,11.7234394433376,11.2330652349097,10.2220234328344,6.400589735566,5.33696830811135,5.0722976514404,7.50071150279494,4.4925585028835,5.77549678821159,7.66346186101803,8.74198584295474,5.7315881604199,11.9911979710614,5.30660589838374,9.49787107355101,8.37933397404943,4.79400528322384,11.7671479629102,5.5456868727083,6.14549874712918,10.1504587886158,6.48721630893379,5.60741078146705,9.99276867023838,8.66747842707954,6.19372877471309,7.87605050765548,7.45562411049758,10.7890995918233,11.8871473358893,7.77621687347168,10.5458383557031,4.87690063116247,9.81422238730698
8.96994383154002,8.61061874320029,5.92440216195174,7.59487752540225,4.33567561972577,8.66612514226599,7.56902723695903,8.67672853049904,7.86272382374987,7.54921149446579,7.67649252930026,10.6593159371796,8.02999811663655,5.8155302275865,5.8020366391435,5.43750335398355,9.43932138096028,8.45020944913371,3.78868196270584,5.2943417975761,10.1284148148629,7.22635266797481,8.53290052798852,7.23534406080619,11.091686574079,6.94892683767742,6.59692510252455,8.79485706825589,6.52081435991969,8.64810714489407,3.57371315719856,8.06820499686479,6.7080789861182,8.71228564594244,10.2060875462503,5.36637265176062,8.47170168807154,6.98507813080579,7.58676558721074,9.41973853239987,8.15526188989219,8.61745248857997,5.77730570382254,10.6164828444065
9.91361480837482,7.93575128843698,6.36143070122719,5.08035056914889,7.11891108624519,7.61790872555171,10.6698145869695,7.76151031460996,9.52685427982918,8.14783625431884,9.66478522386493,10.7540346979345,8.18658997872383,8.43214470462499,6.25752533526211,5.69953429041079,10.8184837469535,5.31206597349182,4.1815544317754,7.73670614188368,8.8147007852902,8.14469297731921,9.53488798179386,7.29975971271681,11.9829945866406,9.07012089588883,5.84654564987509,9.44817875308604,7.18161069505128,8.42795529406938,5.92345214642011,7.8157954923005,6.69620151382828,9.7315265564997,11.2873927573124,7.53049433315506,11.5322611261995,7.94087273595009,10.9059691760883,10.0355301130001,9.50443553588052,11.1795980460635,5.96831639543511,8.73514293984487
10.6282189139263,11.069880922903,7.64239612338867,7.38431659425252,5.11735858153955,5.08777869682322,10.0485897555997,9.49342205278587,9.4049314898363,8.24315778265473,10.402130598559,10.2405267136138,8.15488170723594,8.43242748168397,4.58685884084068,5.0231727094793,11.0816528638661,7.72758633068351,4.73664758560642,6.49575672574735,8.9461821489756,5.36747104028421,10.5583151518664,5.27426743894711,11.7905199203532,9.26814387413833,4.00257124761531,10.3524308136727,7.88741789947817,8.88405059394696,4.52867906864163,7.82628886453824,5.5727753827113,9.89317990769209,11.296560083432,7.45424671153747,9.13648048700015,7.37589421613725,11.2782360008435,10.9096820506787,9.10407523968852,10.2193688785519,4.39553796791954,10.5001233974132
9.86076994929123,9.5261772910807,7.59203951614114,5.71122587880296,5.35187494364059,7.46848795766071,9.78275982500313,8.55792331256777,9.24651053858874,8.41469136554308,9.32440030588211,11.0148578409338,9.00610718142551,8.23811405159911,6.58190915127618,5.53403206368929,11.1386653381541,7.04321290607166,6.84233485752303,6.12403950330482,7.64989826852008,7.62559753330144,9.00767336452506,6.77934758697551,11.6957177874315,7.61015958988542,3.56994934775431,10.1216045199517,6.85922414199095,7.43572488888838,6.13498320403493,8.38241422257599,4.31968263272365,9.5252769777151,11.29735443275,6.02208599804504,10.5231176325205,6.69820424047175,11.0128189860201,10.3989582984279,8.9583574210324,11.1492436130794,5.50075136770773,8.55821911727596
9.43273658078735,9.8643495874964,6.24690364843428,6.2744988410999,6.20688043618163,6.53077410715015,10.8060047940378,7.88539634835796,9.73827970258724,7.7377624401502,9.38617022895843,10.4950472081654,8.36357003747391,8.29769878056511,6.53244857661923,5.48192997694792,10.9541776917506,5.76299722288935,5.96232201993568,7.53049433315506,8.9795600084902,7.94524788306301,9.25608678385594,7.69788382475323,11.5850191889883,9.21202142804065,5.62290566735139,9.53398617212812,6.63287472088343,7.91045407187324,5.91855332416828,8.07759876937214,6.61570722911759,9.74191699755123,11.5472023256827,7.38215614268252,11.5115159439146,8.17994374769297,10.5094541038491,9.56795999576751,9.51193459230632,10.9961784073351,5.88782282467789,8.57493335270323
9.84339151363362,8.14313388248967,6.41025808611501,5.95425803110543,6.68594691926386,8.1621133062691,10.7597943426406,7.7408483790731,9.56826324732281,8.29799076119443,9.6536280559695,10.7058843466198,8.24597380653107,8.54105524773367,6.08036783155425,5.47364101291686,10.9550160543807,6.34013665200903,6.03046513630798,7.86523144670182,8.95952688332268,8.08677048298164,9.32968988785563,7.34163006086248,11.9718924041008,9.00213492547035,5.18066989075724,9.7138948795351,7.12462823570829,8.42175732175076,5.46331859766639,8.09401099422515,6.50124682507992,9.55582885585951,11.3548414380738,7.38215614268252,11.4879561716907,8.06789334307909,10.8321202913894,9.94151898506048,9.59963205435062,11.2389325448838,6.284137275239,8.71004962977879
9.71985178355698,10.2492674754589,2.95585907265704,3.74382997520556,5.92265201951547,5.84699043407537,9.70933384429341,5.21347903307376,9.22791127281846,2.83586774004714,8.16685270819248,11.0423181594421,7.68482709398359,7.25605675138165,4.07910691852764,4.23043665354616,8.08677048298164,3.57750339657179,4.0407667677732,4.50152863930852,5.56030686808559,4.46009827990297,5.6785373457629,4.9151833706885,12.2798215872612,5.21647408573589,3.67055450311152,6.7261240694252,6.78760913352417,8.80895085786755,3.83914270653061,10.3992289984736,5.15230833456976,9.55557940367737,8.83352685032255,4.83941479387643,6.3438781430932,5.13010206597253,5.91978484905091,5.88642162630025,5.94688054462384,9.99333330760571,4.17381051731443,5.04968140574078
7.53940567833585,9.55533880720946,7.80099596731954,6.83946157806502,6.16262586843122,8.26080233839357,9.51701810745661,8.02371706467568,9.89121216388107,8.75957561777783,9.32313587756731,10.4894172245554,8.96994383154002,8.47924237742005,6.72645724621029,4.79695729965031,11.0654645868266,3.70519023820962,6.81133006856711,6.35072741949551,9.09142926802993,7.46523127745485,9.55114796728316,8.70695892423353,11.6796632427984,6.76230504454979,7.11931008113268,10.2832946889877,7.54264770779224,7.2709157415357,7.25639525478981,8.99371374173733,6.80450457374646,9.58241879323017,11.5468955855628,6.98507813080579,10.8187827687014,8.49119392273425,10.2138904048903,10.3261154887139,10.0215966308445,11.2099228959479,7.3548244661019,9.64380337925272
8.87897410483228,8.61192248011881,6.35831128957662,5.93826013641356,6.08488666633027,6.09341552363727,9.27741059300745,7.68608570205566,9.25150105979084,0.408025335838796,9.0402074788741,9.83028714779433,7.9239604884216,7.97905881997415,6.52795359347881,6.03973983942887,9.31927903881255,5.73349426894211,6.2336229673742,6.24408379065083,8.35297115168879,7.21773668540818,8.94172886120091,7.29648623498627,11.0316073296,8.17571281783477,6.57175933703739,8.67177659724771,6.64564217118601,7.60252519168666,5.47420848533115,8.10603938010787,6.99231942078383,11.0253189771349,10.436043243109,7.76957910744734,9.78659839375057,7.37063384292538,9.28931745875335,9.24269608469112,8.68240079908748,9.86291445172682,5.91855332416828,7.86122293663845
9.60725120071916,8.65889847304405,6.47807603048679,5.80610001136994,6.72132269606817,7.52095050777788,10.7682579587985,7.65180798995726,9.31379621419224,7.40605035974172,9.53274808872042,10.9040345856215,8.19335919671956,7.98842395727456,6.71331017837207,5.82583012875212,10.991533701475,5.64486096029344,5.87529480553348,7.77214055096106,8.91332188487587,8.02654773638639,8.9966721281141,7.48927414395036,11.9000072225808,8.87126438600539,6.539558414528,9.4427291151527,6.52946746983014,7.73001364011334,5.25682836497546,8.12901785063234,6.7820309099994,9.53306757796571,11.2230951341835,7.84857396985011,10.7557034850736,7.39645092662555,10.8505441206485,9.64112609756965,9.28416263571683,10.8017478843126,5.99211469997828,8.17726499800051
9.6174732267891,8.39377038698143,6.47504572573247,5.26263201142093,6.52345402194836,7.18933936058428,10.7448284324563,7.89966147892681,9.61225533376124,8.05384929328133,9.37221042912196,10.480202449908,8.48390175152754,7.78235694779083,6.60476719969236,6.11810788871257,10.6834116499233,6.13498320403493,5.33754983100574,7.65510202688693,8.34793220546428,8.09460788922319,9.69129462325939,7.94557924371596,11.967062757812,8.94295820219998,5.00746921820338,9.78454350808884,6.63935386643414,7.38858243855748,5.43255301772783,8.07663140995166,6.5239327784396,9.81422238730698,11.3015999850699,7.91965937218386,11.1921785610698,7.66806346055789,10.929078117785,9.36784635208165,9.32345494060516,11.1749403789338,6.14879057984226,8.37216979437386
10.0640419958161,8.61406611722404,6.17890050504483,4.44480134814,6.76347983672932,7.73315057404146,10.5285032142414,8.04443870003916,10.1709028706313,7.97048432956076,9.2645741922098,10.6489685644739,8.65624652294918,7.65471816461902,6.28995801838911,5.89953697057654,10.8063036519629,5.43962137811245,5.32900609259975,7.75890358186001,8.57865155185135,8.09365941595854,9.21330914427484,7.71835395354974,11.9783695898157,8.79714011558894,6.07696655724049,9.36479385917339,6.44041421256804,8.16917989153823,5.81768248581521,8.28913119273439,6.95644601820227,9.59275541628775,11.1411835540738,7.7858988802194,11.5647029999253,7.71199532710621,10.7628089031279,9.57060487749563,9.0421781500521,10.9019840823753,5.75522473929739,8.47008014688996
8.75378098803792,8.48033267688872,7.00574466179645,6.45094621455566,5.7603395019143,8.59702976370986,10.6639535538775,8.43572011579081,9.81391694043276,8.13968069336298,9.28631874402898,10.3027158308114,7.72965587233658,8.7283326044711,6.82094539068034,5.89225622206828,10.4823177520392,7.27468322460879,6.39898379588211,8.44214096620063,8.21112752120771,7.53641746676832,10.3098508187092,7.90153871694921,12.0466967175064,9.32242436149109,6.6529130651599,9.97687259954653,6.90360358681018,7.5620701964629,6.41872401037338,8.8873894150506,7.68715580920729,7.89294440134818,11.4935473124601,8.21357284430719,11.1356389922831,7.32053137708124,10.2387314829779,10.1284148148629,9.07635546711406,10.8464646360543,6.36740412233818,7.83548863875826
8.7409361762453,8.48139589412059,6.62575863631939,5.96232201993568,5.72244175350091,6.07422462587625,10.6890743649993,7.52951772091802,9.3492935664806,7.19964309333187,8.88835006417276,10.3117437530716,8.52090675620059,7.84480983288608,6.04965120831944,6.00516633533616,10.6684502104017,6.83393591431699,5.46448589692373,6.99712754449642,8.57209430864197,7.99043549767577,8.79714011558894,7.58711102700523,11.6670738706703,8.25474408858821,5.6009954869224,9.56242159231315,6.61985876070864,7.44016931443474,5.32567686025646,7.97837408859233,6.67653241612915,9.39098557040088,11.3168183818358,7.8083982711017,11.0437023511547,7.86122293663845,10.1663141874131,9.37761915791953,9.13616892162513,10.3941911702261,5.32743837781665,8.98558877643514
8.59868984417719,11.2259410798663,6.3259032956983,6.06701313237674,6.28024910770287,8.27047549985974,10.3639832136899,8.2877181340203,9.81422238730698,7.52435591733114,9.25803129261294,10.4034896630055,8.11464725698669,8.19607025110731,6.66693263254534,5.875825201837,10.7017590564841,5.84483322162413,6.16653348762459,7.81308859291737,8.93534515019157,7.63618763636087,9.11309358935479,6.15395270924035,11.5665822912977,8.36127166128895,5.63053654777883,9.78600892374034,7.05767358553801,8.69605076369462,5.16143318825909,8.54759195586639,6.98343887036981,9.21822701593182,11.1084367312312,7.82260170652856,10.6379866313188,8.36995168108382,10.6350057471036,9.33425526787687,9.17049771066767,10.3314011117909,4.7141086550703,9.52382232193355
9.68434167341126,9.23410532101233,6.42766768497185,5.0722976514404,7.16951657477894,6.89509631228496,10.681832232025,7.77800102718905,9.7315265564997,8.11800906406192,9.41563013356082,10.4171486304791,8.65231710234895,8.10864514734892,6.62064857964825,5.59708226686585,10.8420323216101,6.06430033375646,6.17007114125692,7.97615577842925,8.87011241796919,7.84236025522584,9.7232764996325,8.31860269349195,11.940129496457,8.90750575029532,5.92108283502929,10.0582882689844,6.79736735256385,7.96795831243752,5.00498007973814,8.46729891519945,6.96662540242502,9.75730853839786,11.3881467415015,7.77906510657806,11.3548414380738,7.87735718061568,10.9681043863379,9.71503569034503,9.26310614657995,11.1547672040098,6.49082086270899,8.78905115825357
10.1243922574598,10.0672037958783,6.05846132687089,6.08727644865281,6.02208599804504,8.05278582482762,10.80224531084,8.11829028901289,9.17317417958916,7.94748576335653,10.2175166341189,11.1500119288206,8.23222749589701,8.86801405396228,5.48454292936888,5.74248033721451,10.9447153869581,6.29947412142,5.52026644680509,6.75624344878511,8.59063485254323,7.41281697350871,10.1455390102257,7.51168315256399,11.7158155288083,8.98615319319059,5.45032065460481,10.3354151553289,6.42693308642517,7.83301682705281,5.06848574191805,8.64114103565095,5.79703786680634,9.46564664639081,11.505062235439,6.18279671273458,10.7418216826534,7.29937533937791,10.937677870155,10.6954616282463,9.09170499830837,11.1685614662978,6.28291234612157,9.32593632121583
10.0753559896864,10.0611391218746,6.56456037252372,5.82452604192295,6.02557734679975,8.12991739505473,10.5234017223919,8.12603539321594,9.30534906039215,8.04410172605671,10.0725442705599,10.7600767940079,7.82997872481913,9.11843994958943,5.76122958164166,5.30933353455409,10.8849940919341,6.26064492361038,5.85227945418875,6.71577526692329,8.41741783447917,7.38618491219289,10.0674622882485,7.74648944087859,11.8441845001775,8.61503600641651,5.62581375462004,10.7920009577276,6.62693171129559,7.89726179145643,5.11004861908767,9.03757644407003,5.82543985474499,9.43688763660038,11.3652006681478,6.48680991816183,11.0693002042141,7.09996106207087,10.9673229755961,10.739093624641,8.8289152489506,11.0381045562211,6.5687792999254,9.08269198889286
9.89289122974557,9.79251028570271,6.40699951763271,5.3558239496774,6.05088372240952,8.20238431166012,10.5094541038491,8.21080437236144,9.30412793302544,7.83197704897576,9.96144942936333,10.6604649172003,7.90599960292701,8.91100969976477,5.5834465751521,5.60954231560721,10.9515307868882,6.31753807090415,5.85267316299755,6.55725371034855,8.49834242273818,7.26607588085728,10.0365708068693,7.72518180822206,11.9104810435206,8.45628139763601,5.22968724213281,10.263022100213,6.68432368269211,8.10152254188339,5.26635246828113,8.5056402219307,5.83691623093563,9.44875718699165,11.3038739431846,6.26018165214842,10.9180249320414,7.1008572626398,10.9488403044921,10.6852525477245,8.75273955910206,10.9561364382574,6.57297444673158,9.15375542708547
9.86971880695171,9.95892875683098,6.59928756591598,6.04232875038194,6.00778375162772,8.1308809916727,10.4833751983473,8.11106052508202,9.35300405711284,7.84517390447549,9.88081528960062,10.5825026446583,7.82260170652856,8.95863159335207,5.91716824826624,5.3110660708463,10.9488403044921,6.40900704463324,5.76528665569293,6.33429565027756,8.50007739547896,7.31040916022771,10.0253804525143,7.78268125524314,11.8874899191004,8.29738059922244,5.60954231560721,10.1425584838423,6.68012415936699,8.02831826943172,5.24866636994743,8.66451128707262,6.16490559547129,9.40397360136889,11.2742609278392,6.52751447140592,10.9432349111466,7.2038519367268,10.8760380237004,10.7331721406252,8.75647642046621,11.0507358673948,6.52833615687122,9.18687419473811
9.77817276766961,10.2862112758225,6.72010647800234,5.99211469997828,5.4385920032498,8.03409600656388,10.5661609382518,8.44048672767196,9.33986105875122,7.43868520782006,10.0427806022453,10.6457209019901,7.4777266197739,8.98673922024879,5.27934692244025,5.46706399573806,10.9368557214996,6.16305838344679,5.60643904203713,6.18066600862468,8.71004962977879,6.85960811968819,10.0758696301476,7.51843014373777,11.7678199466577,8.3107535412743,5.22654267532339,10.1878641476546,7.13125776973591,8.25566755639956,5.54426451494019,9.49074855817747,6.07329356640801,9.35468231982037,11.3162391839871,6.16788136049991,10.6004974877183,7.33421654880614,10.7537661996023,10.8668067593266,8.82448687803688,10.6257271067845,6.23582788583187,9.36754122106528
9.93353410808921,10.7953637680323,6.29683951623745,5.68523781142619,5.33147621606772,7.96923458167114,10.5955483706997,7.96858627340981,9.36358809371652,7.45562411049758,10.3791663922615,10.844802174753,7.54080082753785,8.81443276720249,5.65703060683368,5.27256261210646,10.4718746130332,5.82828162812198,5.15902892580217,6.86312812244027,8.09723632879515,7.3306087318038,10.3038150649249,7.31369482090401,11.726817060816,8.7568445433866,4.68429791210942,10.4328539534077,6.7359725322034,7.95347216592427,5.54126846871449,9.1798140441206,6.62367224621697,9.29171434560767,11.3347804043788,6.14187847616436,10.7658675660676,7.98739358907615,10.7868144865114,10.3852810286642,9.28787520009022,11.0114398758156,6.08263371542097,9.13085850696713
9.83423054747979,10.4563818147052,6.55228541714826,5.67447083661556,5.82452604192295,8.08968408305282,10.4425725935182,8.17571281783477,9.43960538277898,7.7377624401502,10.0866162199821,10.6072765423003,7.73533004262748,9.0267734713941,5.7829882910769,5.17386672459717,10.9792636047384,6.45863908171723,5.65098264637743,6.22640237862931,8.6122514670766,7.49627549413036,10.2850547603942,7.73670614188368,11.7725834321573,8.31585827077074,5.41772563047537,10.2233665647767,6.49159954739462,8.09634381358667,5.57626433922854,9.35205323931204,5.88223805760164,9.45333804004579,11.4070482192195,6.47846101507564,11.0367369464493,7.4581793198199,10.891830251331,10.7868144865114,8.82414526998292,10.9536928029578,6.5953464357347,9.23352360251057
9.75196922056926,10.4788725358381,6.57832601659771,5.97418254907148,6.01994582761314,8.09490938422849,10.0967624477965,8.16749945505206,9.26069035392624,7.79213922580648,10.044788079099,10.5427563316524,7.85355970896427,9.06261343116034,5.93163807799276,5.5456868727083,10.8690725046073,6.14101077703492,5.84888692690697,6.66371657712417,8.67043980140688,7.38041694083974,10.1051235728518,7.53143072887477,11.8056959270488,8.15602040598275,5.17215917976585,10.5765741214358,7.05093528374997,8.05025811145532,5.92679722794485,9.62674725338208,5.82174467906828,9.54281604699819,11.3862853885103,6.59013306386323,11.323332414353,7.2084043935031,10.6176202250145,10.6159021080045,8.8673798031442,10.9056744306225,6.59850466927114,9.37706898739092
7.87605050765548,7.02720228548279,5.56885632336267,5.10345060207801,5.3143333726743,7.84312325028124,7.54741805508574,6.36519246626964,8.66945297949593,1.85999035286445,10.911047444526,11.4450493713997,6.53615265570715,6.57507026062973,5.0984496016699,10.4209449276444,8.58666326278189,4.7883725256976,5.49561071082734,7.40379411968015,6.97529744572519,5.94558408157523,8.40682107622915,5.35962360351308,11.2290692865268,7.22744136633326,5.42482013897257,11.7022596245145,5.61295255130051,6.30734909421503,4.68571047884938,6.65764961048458,5.56234933095548,10.9034636520062,10.5963424104768,6.34912520050045,12.4035045014487,7.91829870027414,7.55444340096962,11.3941992135261,7.90258297679434,9.69811242168169,5.36691460714148,7.19370054736781
12.073965207697,11.3617111713832,9.15960405826314,6.1261585148717,7.4602962393799,10.622742027299,11.5462216687345,10.7893491840793,11.2041400451786,9.38431028446057,11.7208358769019,11.7931579371803,9.88432410816925,9.44759780544442,8.63034047153541,5.50226815392606,11.8154512937129,6.05532920808903,5.25913791279162,8.62651171585667,10.2410397720117,10.5920382360973,11.3058201592773,6.34863506708728,13.0444420464986,9.55322393076047,5.71336960060893,11.4061279269919,8.86978495785068,9.29985934500321,8.1333312093512,11.4689869397163,8.61595384347214,9.87735479791472,11.9894302527855,8.01889192657748,11.6937379890604,9.51818079136526,11.6544317611449,11.4432050279145,10.1842658947427,11.342974029863,8.01618318340552,11.0528984894412
11.0515457087947,12.1732228405364,9.31222585416377,8.73055102258947,8.18928698479841,9.08746303258355,11.3046958791876,10.2961748622756,10.8673990593619,9.61803485636658,11.6625277916279,11.7271456096885,9.29265845121561,10.8236041735265,7.34129959881471,10.1540689730913,11.1964460763034,6.08218515155021,7.67899402907636,8.25504576226167,9.7720971352726,9.85345540367594,11.1456897499178,10.1512634797754,12.4413549605792,9.23161368425329,6.02950103168051,11.0888744739558,8.99549934605517,8.58033725911972,8.83744453953225,9.84944575027712,8.67109469997235,10.7492297316023,11.7161560841981,9.48624524859012,11.5141770288522,8.70695892423353,11.5923471234671,11.7848256499772,9.47270140994992,11.3355644186541,8.46763066906126,10.7535234115251
10.4958785001422,12.5180540522111,9.47505566213657,9.22173698532444,5.11785787029125,11.2403320236126,10.9592520633672,10.9265566090174,10.0442058921866,10.0158977416415,10.9379385785211,11.4517232985068,6.96969609326054,9.80962606585921,8.41586030388902,5.46706399573806,10.8833766924359,8.25777745720367,8.25504576226167,8.21255935310048,9.14130095543078,9.86804182911078,10.2486571109448,11.5071948428604,12.4882710166509,8.79384769525769,9.19926130228626,10.9074835360562,10.0693981082693,10.18349735186,8.96395949892573,11.7911786171339,8.48169005703258,10.9589993456426,11.620948468235,8.49700948687313,12.57603956516,8.85552353917655,10.5082677263122,11.736890707112,9.68855310523523,10.7199071025126,8.24089924571483,10.004804529322
10.3645118887927,12.4545964771595,9.57224327972448,8.15353188000321,5.20264637271314,9.03305328869388,10.99046546455,10.7188981518324,10.0401817208291,8.83577010983085,11.2745072331167,11.5538560656012,8.52714403870375,10.7073572232811,5.76869376433326,5.78148659376596,10.8030726007057,6.39978255970652,8.03978017220283,7.92700655611434,9.21359447112495,10.431164428224,10.6385355237763,10.3824270540635,12.5076001203873,8.85362124042459,8.70507067659517,10.7772249359115,8.48201656278249,9.10407523968852,7.83622294467546,10.0459627493979,8.81050440835499,10.5917733825018,11.672069209321,9.24077696386449,12.0439042920922,8.58311285424246,11.047521232977,11.4447117282446,9.01226489297368,10.8877107262817,8.84341364923247,9.61137286738441
11.2171715364524,12.7304207411037,9.37294096903286,6.55968049082416,8.03668396513254,8.97438868383895,11.3329153156247,10.491847509744,10.931303745937,9.79634192302871,11.6281146973978,11.7482272048536,10.4377418654716,10.2991813640357,5.8203136397386,5.95293188274127,11.7243976785114,9.95623147099171,8.61286412201381,8.5284793762358,10.3046053610274,9.97941285327711,11.6515708326101,6.75771530482614,12.2184541596018,9.41189827640773,8.95546848463113,11.4129445854787,6.61612136227362,7.0300175782097,5.50019816610794,11.3085014423637,8.50762768619773,10.5205911431194,11.8452195068367,9.63699834915809,11.6497079256008,9.70005329550271,11.4919827014541,12.0771682306196,10.0329141348106,11.5861939671604,5.53610170598048,10.5751394265213
11.1224428995738,12.5322507459695,8.70219847561021,8.00532368995894,8.63432785768566,10.8944865262261,11.6122150673452,7.06330820361822,11.0626799080835,9.97824737461981,11.7526779464408,11.8274589372054,10.6244065675891,7.52951772091802,8.32234460351449,11.0165610580573,11.5361132019794,6.3242626119393,5.4092382933582,8.69377456697564,10.0868875461617,9.70005329550271,11.6679993925222,9.86804182911078,12.2656570933973,9.53042999729097,6.00255654617413,10.9001318704082,6.48517721701629,10.739093624641,5.37954982145261,11.4103374588742,6.4200085594149,10.1812351463173,11.8590871149363,9.85089850428436,12.4978266336643,9.36138279676505,11.5337606451978,12.1487099505897,10.2586996004204,11.6327993079979,5.54720628619192,10.4069362418003
8.47204383836442,12.2889194121773,5.90967385580481,6.52582467187571,5.3898836124996,10.6587604424957,11.3887743302952,9.5592892900415,10.032383213509,9.83632044114426,11.0831384311702,11.70883387146,7.71374783136703,9.51455781308967,9.25832890417059,5.96498509350781,11.3843603162593,6.40824050298328,5.49097245070281,7.98175563665201,10.0347042932681,10.3354151553289,10.0387784999124,9.84657326859626,12.6880258801118,9.08930543111988,6.17137584696226,10.8422841327213,6.61111085307718,10.0125343512751,5.49269005578573,11.0638632783065,8.58936482389126,10.2917844575209,11.7865435175407,10.4407044957517,12.0646302910095,9.21005356691173,11.1867818876526,11.6212354305204,10.2341431601398,11.5403602288497,9.29772968748619,10.2925910427926
10.6681659961602,12.1722863462016,8.42924820993664,6.86940664625405,7.78023396788701,9.71871493985282,11.1577372231557,8.91652964601082,9.95567390266353,9.88048723416786,11.098786253492,11.6877887515139,10.3379922654054,7.33912787073561,8.07317476494504,5.71441403971889,11.3582825416931,9.91477895119909,5.20077385900034,8.12931662640154,9.98830297038196,10.6974066093481,10.3000257653743,10.9429659077875,12.2719084158929,9.26569778828778,5.9023021835053,11.2864960273179,9.78958591068813,10.6957288556255,8.28844923474336,10.620915382404,9.29072786863318,10.8950588862714,11.8510655310099,9.40426136701046,13.3292304411047,9.16081129274876,11.3786415415285,11.3162391839871,10.1881579766326,11.3846381564259,5.35187494364059,10.1907031401546
8.74301895493782,8.30053609136,5.48090899868227,6.29861007105913,4.88784553218719,5.62683075686787,9.19959069344533,7.16197850557915,9.26310614657995,6.84703773402505,8.85231755901991,13.1205372269817,7.37628935553656,7.62019641089883,5.53294068123511,5.28800469775804,13.1016868984248,6.28024910770287,5.68602984127184,9.00517853881659,10.33772433096,5.28930165083025,13.1177293055415,6.7375636529503,11.3259260362437,11.5850191889883,5.65098264637743,12.9357558309042,6.5687792999254,6.95417387223472,4.93572299501388,7.73035880732743,6.36659917279343,11.8795091518183,13.2932538082614,5.5456868727083,11.4987317540225,6.67326969233842,13.2508176480381,9.19458407595444,8.28326437105135,13.0404762769843,5.68102201319272,11.1431667215068
8.85032653823988,8.48707416580184,5.88961227002578,6.64404606663701,5.34642046239015,6.21212224401772,9.38736378413536,7.52338703575162,9.353524605015,12.0670107731807,9.07046937017521,11.7790003529812,9.89833782766092,7.78159689454348,6.14145802316357,6.14879057984226,9.44385393044353,6.63456846349046,5.12462000275416,7.1038771069036,8.18165012478129,5.75880740439987,8.93290013324848,7.08987017067183,11.4117551896322,7.96891362274386,6.27492308162791,13.0496111913578,6.82052451104548,7.40675989772775,5.67315391646076,7.89932349542998,6.79342474438514,9.95623147099171,10.7619532165775,6.05802816640075,10.5774369886062,9.12579485785906,9.39901019180347,9.34249894327441,8.56611579720832,10.1114723897476,5.79741754718427,7.65436122012158
12.9006586630801,8.48033267688872,6.09297246939949,6.70473562919763,5.67222721094696,6.27048092978761,9.36045634652622,7.50030811690106,9.33066083026974,7.28022840359845,9.05687837059257,10.0436852337879,7.72013782142266,7.82260170652856,6.22811885842372,6.1996570062549,12.3591778087739,6.69779414553821,5.75934486266127,7.0728471510815,9.67965813012601,5.80563856022675,12.7219996474765,7.16567886360599,11.3731571609305,10.3781064802051,6.34478377980864,12.2207259855699,6.89509631228496,7.42038506193265,11.99959186876,7.91548928565211,6.805324747961,10.8438467684566,10.7285402247626,6.21589748785247,11.8712167182807,7.19112036602471,12.7085500874248,9.31809563444482,11.1118485093796,12.5863400345712,5.73207143777329,10.8695899965101
8.95776775023977,8.5468775853714,6.17362326879948,6.83784114497129,5.73207143777329,6.42841134509417,9.42034061057159,7.58527866245856,9.38821659869885,7.24284082610322,9.10850199547118,12.5870558490334,7.81078477625948,7.86523144670182,6.27276419182645,6.36567906493454,9.46919969006233,6.73716780443725,5.32045179523561,7.14206687260752,8.24803227853886,5.96698234553785,8.97438868383895,7.22635266797481,11.4217965417398,10.5001233974132,6.45994738863374,12.5731137226276,7.03870943611353,7.50653958865108,5.85562679789771,7.98211340692304,6.89664343655315,9.19101613030789,13.2472388217493,6.24848614758445,11.6944022362384,7.29460921943114,12.6513522735825,9.37793147654272,11.2049633804508,10.1255288609187,5.63864004149073,7.74760969432046
8.82579145361333,8.41741783447917,5.7844241417963,6.6177346498352,5.1686427470464,6.01294707614568,12.956739316583,7.343379463222,9.35016391959455,7.07846726693355,8.98762672414858,12.9610393796839,7.58602069453338,7.76727014829873,5.86264575043899,5.83497363587811,9.35887308683188,6.41711463259519,5.33485532447942,6.97441879514059,10.2944705290334,5.4455875008638,8.9191903798908,6.91068311142505,11.3419220372595,11.400584758545,6.20433620969162,12.8430210645968,6.71890079378903,7.22595115376373,5.4087884248044,7.77556067435791,12.0809098049924,11.6177479088767,10.7004351087106,5.82070046531327,11.4996273176003,6.98549470278654,13.0404762769843,9.26162545854623,8.44894648272458,13.0084865531319,5.7181611861737,11.1262717094482
8.86351826834666,8.46591507788924,6.16610891967656,11.1367115698282,5.39535939144444,6.44666613616615,12.4107454840108,7.46665038623951,9.29042011789453,11.5481223736019,12.4316337436653,12.5385124847931,11.9930307882982,12.4167905131717,6.08539845587834,6.18845374971243,12.6813364662811,6.71577526692329,5.65865266573791,9.58033068882181,9.5077021568739,12.6119315337634,8.87865852388511,7.07204252054508,11.3808395737218,10.7358323703943,6.36440456941596,10.7134192139655,6.96032374916257,7.39208135280899,5.74827137484062,7.89591141653231,6.82692497645969,12.1617192268236,12.8367767989994,6.01642247048927,12.2850662753602,7.16721741920723,12.6008712459912,13.2913769670811,9.26755621259137,12.5804525694371,5.92679722794485,7.63518364778428
8.93405029738446,8.53850928988976,6.25632399668201,6.81089598941919,5.6273724828444,6.44533702373478,12.1530171460721,7.57873364522379,9.37122391437205,7.31256335024484,9.09995739879574,11.8530814942561,11.6836605802126,7.89455209763724,6.3100086931107,6.3619003872498,12.192463054091,6.74580119337174,5.44011197037327,7.13654299969864,8.25175579482934,12.2324674178779,8.97125225608646,7.21925418415786,11.3832015830444,10.0795596871753,6.41112029298117,8.6068588843306,7.04487385099906,7.50204494531674,5.72387247584061,7.98487243846337,6.86673006828804,10.525659565817,10.7442892003713,6.28615148608967,10.7625404310172,8.42635947609239,12.4513264137074,9.36108740161255,10.3694177473914,12.5639633172036,6.05049953541324,10.1151601846214
12.7046131992968,8.43678285412446,6.14803775430829,6.71367204984325,5.47624229753845,6.20949953145151,12.4741025004774,7.50071150279494,12.4958617998221,7.20045775664342,12.4091518209563,12.4971633813557,11.8674588332338,7.75852591828633,6.13753116204131,6.1459148702762,12.3531906254661,6.62026454235297,5.51565223613403,7.05966348602097,10.4163152170283,5.7844241417963,8.89387498106499,13.0164959558004,13.8042210046288,10.1666252906037,6.25369349925202,11.8704387384373,6.85651165716881,7.38041694083974,5.70341587755091,7.87876060168516,6.81170049330574,12.0995489654876,12.9114830898996,6.15915196805701,12.596091072419,10.028193418451,12.5621697148404,9.2741712501755,11.3522173973182,10.0359879067118,5.88546640227063,11.5472023256827
8.30847903600695,7.84024920916205,4.69739906627201,5.01064362818248,4.4402526611625,5.61659564678378,8.81895558558213,6.25024781853213,9.08520608644634,5.69277712867021,8.42699691190684,9.76126259963993,6.50301916208458,6.88396072592745,4.48257503957798,3.90150985796811,8.86059413388037,5.18860718301914,4.50994963132319,5.25682836497546,7.05544351591146,4.03341818403023,8.30649490249371,5.71774102640351,11.4171162218036,6.58354607739917,4.61566580851574,7.45523570603148,5.79551931483696,6.13964808131313,4.92208364263718,7.16128349194119,5.33314932923319,8.12514885678374,10.6124912186466,4.33103863295249,9.68906347308241,5.34588222630042,8.73613125111131,8.98301770462441,7.5481507772629,9.82229617041543,4.94461933359624,6.06430033375646
8.09007683425076,7.60667775495034,4.39967412970793,4.5451382807815,4.63069715084294,5.16748919747652,8.66512781830631,5.9018279977723,8.86770047317634,5.3974425709945,8.15388227284519,9.61679337815761,6.20433620969162,6.51463638013413,4.09958195537534,5.20677873571107,8.56116849670034,4.8824775460223,4.45407641090567,5.03511041398733,7.08364691956572,3.72905079744681,8.06200381173208,5.27310615282835,11.4039389585913,6.27526876865809,4.40201088165747,7.00771613371215,5.44451473295109,5.90486794272516,4.47596153324078,6.67363374955753,4.85534492395744,7.8608372697552,10.6129843684266,3.82423819455066,9.64222324707029,5.62000833221995,8.44755027208283,8.76258015368485,7.24161408579526,9.72380827908808,4.17695370481907,5.8423964596292
8.29933595366855,7.86927537762868,4.35078894022692,4.80757276945943,4.26728011305465,5.4566152957443,8.81325313848004,6.12024305848647,8.97824829955652,5.70627189841046,8.4353900061699,9.75315797351848,6.49575672574735,7.03870943611353,4.31968263272365,4.97701876149002,8.77328795629643,5.23273191488748,4.15372163555863,5.27426743894711,6.86518838648861,3.66451257092016,8.25244844305117,5.66542444302561,11.4117551896322,6.73640669986621,4.0728117125685,7.41545379044181,5.87933645050162,5.68818921468463,4.91594669481323,7.0300175782097,5.19464741887031,8.13150238428003,10.6176202250145,3.92837050894076,9.77817276766961,5.70958730885578,8.72507421485359,8.92835500101283,7.57589563317852,9.80441221876301,4.49187704764567,5.99745530455438
8.44547258154146,7.88165039872546,4.2462897405585,5.2219770490885,4.1787611177791,5.50372391885267,8.75990906015849,6.39639791052991,9.06411498405991,5.8180910757821,8.5774865918725,9.78659839375057,6.56498605431749,7.00699181960704,4.67137132382187,4.24712405209219,8.83157263978186,5.41952789432739,4.03434171699137,5.48602667139843,7.20642850741302,3.62170960086583,8.32443849942798,5.68149873867488,11.4082530213207,6.66406948821563,4.80757276945943,7.52161099238566,5.73961506284031,5.77268940898267,4.94461933359624,7.13694734569638,5.05840996071048,8.32027807467826,10.6293875802492,4.42564006795257,9.75903484558033,5.87359523193846,8.77933378003852,8.96423761824442,7.53781528975745,9.86857410161571,4.86692737725298,6.25193860444324
8.46591507788924,7.74290394975662,4.63770173315518,4.80623558446616,3.97953239641401,5.38006065899499,8.79036768669782,6.05698239921665,8.9943211455734,5.58010691996135,8.49902466687611,9.7446682773012,6.34863506708728,6.7761014671893,4.29986220450801,5.22308858332746,8.82725847069494,5.07974471126002,4.51331741478958,5.31599556625143,6.79618190721497,3.57899804692191,8.27271403043854,5.55937464373689,11.4082530213207,6.69703955610214,4.20666458154288,7.4049198986105,5.53136126070295,5.67184961450733,4.91399349151175,6.91750049306872,4.69031524424174,8.29142433235508,10.6170290747734,4.09474519005102,9.6700523069867,5.46221239135926,8.67956464982323,8.89867005580921,7.55292560227806,9.85405951012267,4.01488549337114,6.10249145971116
8.30225358691953,7.84024920916205,4.61642572354422,4.79189254361848,4.57103118319267,5.38412349567048,8.75812008457614,6.24613726718187,8.996384434042,5.6144754894737,8.4190942199189,9.73548707387242,6.5407245503104,6.74353675035596,4.35700371282467,3.52965857183884,8.7829293845517,5.20264637271314,4.42793216405453,5.37312821677471,6.89391498557784,3.98883801789773,8.24315778265473,5.6785373457629,11.3602862846661,6.59067380898498,4.48257503957798,7.44704839561771,5.71226263010892,5.85181525310478,4.5362193785411,7.03229236004374,5.02698126132265,8.22018757688765,10.6023639195512,4.21373551795025,9.66755492453145,5.30087239574952,8.72312109886936,8.9461821489756,7.47055470516904,9.78191909024093,4.61787974870174,6.11000739199113
8.23811405159911,7.69788382475323,4.18618918222444,4.780351859598,4.08492669379326,5.51296004418239,8.70539566928847,6.13317341666881,8.92082488985505,5.47725235717935,8.38170369905873,9.70582205022468,6.3804494613851,6.80261923052271,4.36447275050918,4.79831617467729,8.72127419255854,5.09663162289217,4.30663812431666,5.16565590938005,7.09415797265822,3.81041351285536,8.1177023457674,5.59355537702394,11.4027175421805,6.46291995551927,4.39222316614556,7.25529325689748,5.56633335404217,6.00950139971287,4.88181914056384,6.81614309078814,4.97970948573321,8.36829320060385,10.5949762141968,3.81891236642341,9.88464925492177,5.61295255130051,8.57656308149434,8.79260745580388,7.27424995319698,9.73941310030226,4.35619420791555,6.02817816866647
7.47055470516904,6.60438206902371,4.07068846019454,4.16494703782615,4.28674786259533,4.46479056669133,9.96811815274565,5.28865563779617,9.02912315797323,4.97582414541565,7.95060539332153,8.65135153699701,5.89589261890158,5.86122688357941,4.16700227037784,4.40362835218998,9.91060610366431,4.4894694631491,3.98456101098199,6.16571207960263,6.15560024224172,4.01589496428896,7.51202922318409,4.42088857262284,10.4766067360012,5.98412431949683,3.44203385087671,10.3847480648399,5.30311325260708,4.92034712461359,4.24481137826598,6.05489507281522,4.53175321214095,7.01396560882027,10.2376183006234,4.70110008339356,8.3150863076673,5.17030461317242,10.062849393199,8.6833678794596,7.24702826134215,10.6318561101929,3.77342845142828,5.64385389376614
7.29861292636733,6.42889547770729,4.27041528614004,4.1380225394,4.11656629041782,4.35619420791555,10.2035815058648,5.22085515189882,8.87281451951911,4.86013132087031,7.98175563665201,8.65959650017865,5.60954231560721,5.82634818728829,4.33306668692522,4.65152198292704,10.314777503459,4.50994963132319,3.97743037494743,5.59919434164643,5.87220800620812,4.06865460994903,7.53572081537713,4.41058882212809,10.6214512831025,6.36910503381902,3.56826373391742,10.319172912663,5.08401626132406,5.63903728932476,4.49119185099683,5.85614013517335,4.2026101139668,6.87660091209978,10.272026809901,4.71213221621471,8.31962149503765,5.26917277879006,10.1308724961132,8.04223722318307,7.70646217482306,10.7098780464659,4.23365277349823,5.65295032568776
8.40433810713614,5.97470229281434,3.86838144262306,3.95114532346197,5.86858188982728,4.36675353531336,8.57656308149434,4.92381278691718,8.64624174505102,4.80977738811395,7.67157379045603,8.68598170923445,5.91816464052029,5.41252319464963,4.02137212745229,4.97901304422901,9.4632908023115,4.29903034822374,4.12338705716282,5.56539481539318,5.70108854801167,4.13204213136492,7.64449894710865,4.10562119585079,10.3965959573199,5.93826013641356,3.60036366401112,8.31044723751481,5.12702240311196,5.67649465998624,4.29814240391335,5.43637840825003,4.2821950054736,6.54202368967093,10.4673757146159,4.20372400481253,7.85870904508547,5.20313719534686,9.62791040093035,9.91711820582171,7.49445477268174,9.95596808802205,4.01710392053987,5.28227438153727
7.35069881325775,6.39139993881873,4.05694538827538,4.19112619339715,3.81572753138727,4.50229412669353,9.49895076575931,5.07974471126002,8.49635448453091,5.14027943853925,7.35221844855105,8.47306522731611,5.92208912133755,5.74193291091758,4.71157923976673,4.72943563016495,10.713683176841,4.50523471446165,4.48777379285744,5.49606835508793,5.98076702935832,3.86959179003136,8.09243889803447,4.43121579814452,11.284745448555,5.81411027762414,3.36052543438925,9.28164036915305,5.69953429041079,5.14732645691371,4.35392862550491,5.67447083661556,4.26026183263098,7.04216425328924,11.170327985389,5.14677896367766,8.33091552274906,5.76481814418137,9.3001566799369,7.90422630670711,7.16306137399524,10.2619126316427,4.16700227037784,5.69774035342182
7.99107913884385,7.36641335206439,4.22081883873583,4.33905477106805,3.73933255811775,4.95485966739875,9.12461745630205,5.60643904203713,8.76412721404571,5.35688460044259,7.9877103900966,9.35707072805534,6.25458847175091,6.33975441044713,4.48405270187137,5.53294068123511,9.76234907015612,4.7416615736545,4.61357334665911,5.09115328465491,6.63976779526533,3.8063026415231,8.07116611762407,4.96871595964757,11.9941018186242,6.16124127724285,3.77478270198344,6.89778880951557,5.50372391885267,5.68475815304057,4.34905641027034,6.50258037386748,4.65788538950178,7.61407140807576,10.5791248859443,3.96150583627472,9.29265845121561,5.49970367991366,8.29399478461749,8.44214096620063,6.9978819404591,9.56103100454036,4.09863259581456,6.45826128301378
8.28675969406594,7.69956479489863,4.34171133577713,4.69538010681078,4.44480134814,5.29271307901879,8.7514109257963,6.04355507435749,8.92021586225304,5.70671031342886,8.43349274715641,9.66634742961617,6.41535431758977,6.84402640113012,4.39883981858902,3.23612674819646,8.72896141281998,5.19571422281853,4.83280621779588,5.30087239574952,6.90597409597054,4.17490014881417,8.22526653464487,5.52590899038917,11.7589681279012,6.41674902880512,3.75781946280867,7.36920255075392,5.66589209859116,5.78393620046475,4.91842816197254,6.82776076313751,4.8253683825542,8.47073795033674,10.529364061987,4.2753654437496,9.61879647295103,5.44352877777285,8.62749948579447,8.88284727821952,7.34304365931642,9.71535662680315,4.46395637908013,6.81446763058733
7.0428890528875,5.95385320407518,4.53779394539906,3.74382997520556,4.9330530756787,4.39967412970793,8.98273656292088,4.87442102379705,8.29738059922244,4.68290100803422,6.93199247979304,8.07721909661139,5.11125557516757,6.06244007221471,4.51058729483178,3.76063446342516,9.40730028046948,4.30153890346774,3.86599982700163,5.30138954491297,5.53190722717821,3.75180737454623,7.19145617595605,4.08898890774929,10.0769478425513,5.54820106599966,3.63360032420457,7.49127665849608,4.71614739092243,5.79601014999437,4.10467473528076,5.10411593545693,4.32934825906417,6.46416944331517,9.00376195761332,7.88641408488334,7.68281701735013,5.38661151878623,9.60831978292476,7.17525114714012,7.36887213334068,9.86379305056659,3.95114532346197,5.85614013517335
8.21692474563454,6.7247959426589,3.96495731950307,3.7479061862095,3.60036366401112,4.54043963603002,10.3334125773592,5.20077385900034,8.74688281147713,5.16143318825909,7.58019273554365,8.71126405875438,5.49561071082734,6.05489507281522,4.82880393610679,3.36255166277345,10.7290437797525,4.36447275050918,4.55048544823709,4.95854809857547,6.38926061956245,3.80099443896407,7.96303638805623,4.55125311309798,11.4502179488598,5.86765437750886,3.75180737454623,6.69244468116126,5.25040699618055,5.05399142619839,4.39053374933462,5.65247761961467,4.38977215370673,7.16271935948884,9.78454350808884,8.57264261416091,8.63990077881626,5.88406982435569,8.0578742711986,7.83864359421801,6.81856579678732,9.43544317258385,4.01051309357284,8.97703037428439
8.21897080185363,7.67964099236263,4.45172566691425,4.56496703216175,4.01825508398004,5.06596299472517,8.61846746721509,5.95772946084908,8.95514666006564,5.40020139334252,8.42571341746703,9.70225652552234,6.21641060759043,6.60557667724149,4.26275261866305,4.58154779984883,8.76062635259949,4.92504613912655,4.54210568789162,5.06531682663831,6.6352830188117,3.4990365451367,8.14274628585963,5.2236042753818,11.4053030840614,6.42647768923985,4.02028531778716,7.2097572650839,5.58256770849733,5.58622189028942,4.76227680574284,6.88795503526336,4.84479488296767,7.95865428515564,10.5743380227828,4.14940879579862,9.62317382924032,5.46605649570389,8.56581987470789,8.78361127124352,7.55822983356771,9.73495282328937,3.94590217208791,6.64404606663701
8.09243889803447,7.6348293772463,4.39883981858902,4.38884026811538,3.91126315961244,5.35525571575858,8.71126405875438,5.88494593862812,8.8083537571701,5.24921302235119,8.19669503928007,9.6355279839269,6.11542513823995,6.52153488111899,4.22932185120672,5.77592246007965,8.5506304486937,4.66075357145848,4.66496914046185,5.02074206058943,6.9485457042414,3.73615546449974,7.97138863276261,5.21347903307376,11.4097121639518,6.35072741949551,3.85568016612244,6.98424534107132,5.51401796129695,5.92810610878222,4.45773133445381,6.65613096687992,4.73783420468051,8.03910435930646,10.6396271477327,4.03546078901782,9.65506094487311,5.66215734278742,8.43025910772939,8.73579092913048,7.29011100330171,9.73009468710919,3.89817953887261,6.24613726718187
7.57589563317852,6.27492308162791,4.54970817418107,3.96706978871273,5.1002461511087,4.19573343795454,8.84504520428025,5.08896166974374,8.38137220606647,4.99858382725054,7.36352862550817,8.4143140311622,5.37791773894501,6.01552993452225,4.22553819019162,4.67340038251241,9.19959069344533,4.18826636286857,3.30212288552261,5.20740098711833,5.79741754718427,3.52047827804917,7.43387530588174,4.28491203851657,10.3343200845157,5.79828003906747,3.42644641018444,7.48244338939545,4.82465235929374,5.38412349567048,3.74072732048647,5.62958273727159,4.35619420791555,6.96032374916257,9.69453047546711,7.24999887967028,8.0643765611849,5.26263201142093,9.4758893079057,8.60333012375023,7.28565316725509,9.81995718471208,3.54547177759596,5.69876750830486
8.04855628671282,6.06163783174883,3.8608805124643,3.89817953887261,5.49659567757586,4.20477719423346,8.74428237673879,4.82190798415176,8.39274787692785,4.82403320034706,7.36710258299082,8.3838618070867,5.57961694477385,5.44407620382803,3.92230624294921,4.6749817644388,9.35887308683188,4.21979454063574,3.47496306820117,5.36249405389894,5.83497363587811,3.86351541023699,7.31652801982126,4.1679426440234,10.3258921597634,5.7243280583063,3.05669537158995,7.99485098029692,4.79754537800911,5.69728465101492,3.99340794558925,5.34209656109672,4.14275663253803,6.95182628234185,10.2370300111278,5.5575054391133,7.75168970838241,5.16976756495379,9.52235382727397,9.71535662680315,7.36955545366944,9.87224068448846,3.970598039628,5.32103894084382
9.15864820237783,10.2296832546553,5.6519577982241,5.53136126070295,4.85476435284714,6.68248220960241,10.1832073161653,6.82866826340041,9.66831861303831,6.63818997023781,9.11309358935479,9.97633689355995,6.8918906807522,6.94661589504181,4.78431303427496,6.30485440678809,10.8976209314981,5.37251925028483,4.81802738083213,5.02936467822882,7.49995971268567,7.64005099631517,8.80267976277274,7.39998552640245,11.8541917744729,7.32754210035554,4.82740991258585,9.362348411161,6.5847129678893,6.34863506708728,6.3846231106775,8.44644657565217,6.04834122974704,9.38677230713232,11.2801840197807,5.84747292309702,10.993112556877,6.33593589391056,9.93756508549626,9.40521657147161,8.74552792664853,10.7998852037689,4.80345121626161,7.89220016877756
9.13976524370499,10.136533033033,5.61003919536874,5.66907743532347,4.95205813459086,6.88876746327713,9.8202271998366,6.42298317646077,9.48981059823602,6.68248220960241,9.44356655234042,10.2554407686468,7.5250771912788,7.75571736488215,5.22908810826152,6.18151074841638,10.6915080418586,5.02936467822882,4.96540937403301,6.02912216084368,8.22692393607003,7.42177413830097,9.05872663174947,7.04066677729759,11.78254243704,6.97047769266955,4.64881178485979,10.0714766923068,6.45135099659529,6.60122160655216,6.51038951826847,9.52796102188504,5.64486096029344,9.53824126122005,11.2766088001384,5.84654564987509,11.2756321931755,6.09616573068798,9.70700337427221,9.72757918451073,8.82826248526748,10.6755258433455,5.0508977632585,8.56086258438293
9.92288028799829,9.69042836075724,4.92208364263718,5.63601213498264,5.03069382713531,7.09886843146859,10.7368521630481,6.65535765125058,9.37153535381677,7.09021699830003,9.91796576619391,10.9980443538976,8.07081567241262,7.80483587170827,4.68022026075004,6.14187847616436,10.8345201424043,5.28109011311462,4.56124127522443,6.14503015801122,8.32164924260577,7.37628935553656,9.55204073298833,6.95886600942681,11.7085144565042,8.86059413388037,4.78165231505237,9.87115776540599,5.6273724828444,6.39560451137744,5.80746867053185,7.90738034861015,5.47307585004984,9.48981059823602,11.4438032185698,5.35962360351308,10.6409261615195,6.47544842491024,10.4105711261017,10.1943841529861,9.21295756132332,11.0307564225199,4.64808286263393,8.86161342381817
9.35170349485265,9.17227876654554,5.58770087870997,5.7927900350072,4.6507997011941,6.84857952647843,10.3280896399102,6.10458543241257,9.6261622556474,6.75660416445503,9.00213492547035,10.293650402966,7.52095050777788,7.1582725601887,5.1686427470464,6.1996570062549,10.7888068756507,5.33314932923319,4.59519650806213,5.57038246069429,7.79967471843534,7.44858883428027,8.68082050725291,7.44704839561771,11.893113482074,7.15975410148092,5.04895425354499,9.2645741922098,5.87087949863538,6.31789595233898,6.30445288055528,7.42177413830097,6.01994582761314,9.31927903881255,11.1389339878074,5.83401725607305,10.8464646360543,5.99745530455438,10.1399935141603,9.91739824768642,8.60496294566335,10.8513544849889,4.47531661762165,7.90638290566765
9.37322549107076,9.48063943789054,5.48999913375644,5.37683045928121,4.64730965632435,6.6477979554074,10.2616531941889,6.98219358956887,9.58411030427843,6.56209972589541,9.10089491010475,10.1487988866609,7.08182359476304,7.31409837366064,4.86817469757332,6.1996570062549,10.8200791779484,5.29221433873156,4.13486406404274,5.15769994771555,7.3786305809454,7.60082441109521,9.38921677384644,7.36246908462469,11.8551875347238,7.47492418767902,4.77325936298897,9.28760831630029,5.93297195011661,6.54631454210742,6.29393214248366,8.31585827077074,6.38926061956245,9.35856316225452,11.2197265630452,5.77499166091189,10.800694535172,6.14009562111361,9.97332687090755,10.1606774539404,8.71523075870716,10.747018132699,4.31019610777193,8.87829725757965
9.63963812439687,10.6002156535888,5.4814619097245,5.35962360351308,4.34469031303767,7.02074321589074,10.4929689008988,6.49123776911035,9.57135952974961,6.35446925848647,10.1057156169843,10.6449719340652,7.06183054786539,7.63865741749719,5.0508977632585,5.78625826649888,10.2556743776007,4.90890872145041,4.41623100183163,6.38644499841038,7.37827563878534,7.22437514870411,9.76264335856447,6.72682080706075,11.7181730951953,8.46186768777274,4.38324591922075,9.97191732857722,6.20433620969162,6.91110918836064,5.96614953415249,8.92235132610835,6.22856544398072,9.23352360251057,11.2510645878699,5.46497924131138,10.6623445129317,7.76118336956726,10.1571871689453,9.57112000283603,9.43015322345155,10.8557750860793,4.76967781788611,8.3588761257561
9.53764740188717,9.50508842458954,5.42600122256495,5.553245622939,4.61129940597931,6.69085770945368,10.4598084664231,6.7492221322523,9.52918939158461,6.78364108442025,9.77755823070905,10.2341431601398,7.09996106207087,7.36820256090164,4.78700422914981,6.41112029298117,10.8511168251391,5.13200747032095,4.74892687100147,5.00685102855937,7.69574758662091,7.26151950745758,9.20107033473484,7.15088973586105,11.7922092827094,7.58957885809938,4.83142683874799,9.50035734872809,5.57537727971933,6.66995454817258,6.22640237862931,8.3107535412743,5.70444697809749,9.42985112159344,11.2893557455568,5.72346044652384,10.6197711363337,6.1459148702762,10.0823710033531,10.1786053311871,8.62910626059271,10.7098780464659,4.53779394539906,7.98905669554101
10.265017153412,9.78250943440113,5.15644872196889,4.03224063890657,5.27822771978816,7.87839370331911,10.3708510758025,7.46417982114485,9.66359823742089,7.00878205691351,9.70820691273602,10.6820718153073,8.10825328172798,8.00460191569746,4.76432374094232,5.88734480082232,10.7212630530226,5.12884294959584,4.07797617403069,5.630055774113,8.07635694471048,7.01593597693583,9.71255159766307,6.54800750001634,11.89897547,7.98842395727456,4.58154779984883,9.48242562498853,6.04184865709956,7.81378437529185,6.24408379065083,8.4931936861672,5.41834906942683,9.55231213676189,11.1665421562028,5.66301053286057,11.323332414353,6.59572342155191,10.5969747671707,10.3492927553851,8.35136083594874,10.7712391584494,4.49403775090683,8.58576215378294
9.69017479032433,9.39613971968692,5.01493256828538,3.74382997520556,6.27315064725885,7.24395327791335,10.5559901756197,7.31869119363094,9.64140136496761,7.33718244594809,9.48706837486449,10.23357685114,8.10095856398554,8.18756247607691,5.37529745563883,6.17580807715705,10.7600767940079,5.41892326418657,5.13729411309022,7.28344200777043,8.72926217369763,5.87710892950765,9.60608656305814,6.90829041980202,11.9205297443988,8.64212884704641,4.32220919454896,9.62317382924032,6.59109961277374,7.96762155278019,5.55182191456869,8.50968523910192,5.15902892580217,9.68616089348595,11.3441039650278,5.97518485898454,11.2241487946585,7.59751858650097,10.411979796637,9.82768515589364,9.14308766308618,11.0034941704849,5.56680375134019,8.79064863321909
8.99855554527243,7.87134006214219,5.54921054171483,5.02936467822882,4.60924360332306,8.20876405720385,10.5274008313358,7.6589552327105,9.7399719151951,6.94022400086077,9.50326715722734,10.1680037325429,6.39672054115563,8.62466384779989,5.32847144514615,5.91224769417733,10.4936312169407,6.211673279039,5.24214656201082,7.42799028017307,7.71911651152898,4.39553796791954,10.0896426991479,5.07172708318765,12.0043767118251,8.91303664687191,5.15461949268137,9.53488798179386,6.56456037252372,7.71271821615527,6.10685464089122,8.84796126168238,5.87759708556515,8.72096786092662,11.4257634539694,6.08444244401038,11.0329515713303,7.01715577231846,9.71844366785896,10.1788966910006,8.97438868383895,10.7337360013857,5.27987356757983,8.34499008140351
8.81500196231115,10.9961784073351,4.6926504855095,4.63706584651757,5.25966206432357,8.12772436128256,10.3017026499429,7.7819538439339,9.72236912583972,6.60083585256248,9.41247085002807,10.2556743776007,7.45602800474123,8.37866702422629,5.26145049114561,6.70434808328688,10.6593159371796,5.34539412986959,5.08517326141886,7.03498387503666,8.79485706825589,4.34992435903318,9.21104145945513,5.05973346152029,11.6212354305204,8.21762513213223,3.89817953887261,9.37583970193225,6.90789849869772,8.55322372927335,5.49970367991366,8.65889847304405,4.65222963562499,9.29956156076489,11.1226951624486,5.53716802511285,10.6514165281509,8.03340216622981,10.1382680873385,9.6351729936115,9.08007898634126,10.3422142523012,3.28280710257892,9.38889218043699
9.41674878956631,6.8785255486814,2.84222037586571,3.74382997520556,3.33452136444859,8.23190766914452,9.96671899360622,7.08913408968422,9.39989211723979,7.16306137399524,9.59245174697446,10.2752091170077,6.71968018115822,8.17079994594308,5.2099889889387,5.18267157408894,10.5325334679058,5.92208912133755,3.11033572535734,6.57040201303214,7.83197704897576,5.7829882910769,9.61253374807585,3.79006254324777,11.8740665486824,8.00317115388876,5.57961694477385,10.0407942348474,5.65047401866906,8.13798827911089,5.58672020753966,8.46692895359616,3.50095247706675,9.16708295026834,11.1983817136118,5.3612327516769,11.1305809171539,6.45660597279353,10.5920382360973,9.67033550978798,9.03789340900883,10.7329243625799,3.69494105392675,8.32415715618751
9.78805939784279,8.81867882333672,5.04721629372225,4.36093359138869,6.09923132567877,8.11341325097157,10.6134908393001,7.28833693454298,9.3987346525042,6.80052136391756,9.73941310030226,10.6385355237763,7.79936422864345,8.56176949498289,5.45717776582302,6.1522390519785,10.8753197112218,5.4711266944528,4.92325247062151,7.323185635014,8.93318783248627,4.39301337376674,9.26755621259137,5.334370417703,11.8965426995114,8.75618803117179,5.25097251291732,9.13463840400668,5.75470746886231,8.32273835022479,6.17807407021764,8.53321325986239,3.6917640170608,9.64640440286659,11.2299111524975,4.42960159855892,10.7677319348506,7.74189290769514,10.226969837656,9.98517938423053,9.27770565529208,10.7085114069922,5.27486618465384,8.81772808623256
9.14645222227535,8.80302450146741,3.51333861567587,3.74382997520556,4.65706954976527,6.17048417676523,10.6890743649993,6.93351558317701,9.05783002489725,6.93896686358308,9.51042875927195,9.91182658028278,7.06490487583531,8.59994251604877,4.00599921398889,5.19397544190686,10.5727529336123,5.91628869196571,4.71919499339075,6.27119006579535,8.26631913326087,3.58993469716783,9.37975609893771,4.59678969586611,11.8986752860385,8.62816592938787,4.92894111611919,8.936010650351,5.49815873102219,8.16720155808996,3.45137489946111,8.5307501539492,5.4814619097245,9.61775930905629,11.413550059267,3.76902865676614,10.5835764866923,7.1878134737925,9.84140320877821,9.54335676171771,9.00575274474749,10.4328539534077,6.11896436738798,7.43868520782006
9.73859043943359,7.05468216784803,5.30087239574952,3.74382997520556,5.54281002484703,6.3741419657466,10.3705570426087,7.2038519367268,9.30917498358858,7.15477035816469,9.75506701830483,10.1394610762053,7.68312448862309,8.17893511323314,5.0748788661698,6.10916828984166,10.7156068184208,5.96698234553785,4.13299047820055,6.50575841856797,8.06506714327667,5.2061369439988,9.0622919122813,5.7243280583063,11.878136486528,8.21357284430719,4.16985737162223,9.77755823070905,4.64100979538618,8.02228903615286,5.47003632164608,8.74390542758084,5.05712066757858,9.66918191759603,11.1760567986019,5.4315037210724,11.6465705082517,7.32090513255169,10.434512105146,9.56578777340863,8.99766682897067,10.8860759597165,5.14677896367766,8.21048741169683
8.82579145361333,8.77328795629643,4.47149549594342,4.42490953907763,5.70769847033449,7.36820256090164,10.5099726726031,7.60902862053688,9.73798451541225,7.34163006086248,9.478349995809,9.92626221971591,6.87698115625236,8.69085494578694,5.62045087371415,5.54720628619192,10.5972283673153,4.96297020333528,4.83478843875296,7.0293406175857,8.32164924260577,4.30496929765289,9.59737769792464,5.19397544190686,11.7730665559563,8.37028322152899,4.00148228692734,9.03135086767029,6.07870093653433,8.02444399580961,5.97470229281434,8.31552339015947,3.95816376636935,9.14461320869678,11.0496439833641,6.48989449805238,11.16134655079,7.86523144670182,10.0937933267715,9.39644055624398,9.27443635467369,11.0834630145465,5.11785787029125,9.06107442258348
9.83367956911326,9.80933858572403,5.659241691685,4.75793715182077,5.42860424639924,6.42472544115669,10.6802191082706,6.97047769266955,9.30628504922413,7.12383839259398,9.48891790863174,10.3155901722437,7.77834102915483,8.20298463792225,4.05482851339333,5.19464741887031,10.8863574174154,5.71949655925178,4.48039903036847,6.68594691926386,8.75990906015849,6.04395118103256,9.66359823742089,4.28145328138305,11.9424082679878,8.70938037289556,3.59515089268757,9.53545234630402,5.89678293941864,8.12481353119665,5.54232654385824,8.37605657396979,5.26263201142093,9.82911888892548,11.466219579682,4.7372101123436,11.5421858094518,7.57699630105674,10.5056713441433,9.80262708411373,9.45148324169342,11.1497559429593,5.25966206432357,8.54070667277575
7.93791941193943,9.61051683807961,6.8847529845211,5.81983552174432,5.33861115948385,7.95634040685474,9.62351890378485,7.38897285215553,9.78986167818096,7.96689923397601,9.40554941755134,10.303292109438,8.30026980749935,8.36197651349209,5.70444697809749,4.8724629927958,10.9578413844301,3.62349615903636,5.97994120225689,5.61498934252284,8.9198563243206,5.90326982550645,9.46742226975968,7.49515275342361,11.7185592966283,6.43611464717309,6.08167919169399,9.88777734290182,7.04674222977218,7.25854341824553,6.65805752442661,8.90149169242057,5.48030692064652,9.54619048413947,11.4938990276015,5.27822771978816,10.7901183609035,8.0943203916727,9.74668571829511,10.2928822641995,9.83251722854116,11.0528984894412,6.53832003561254,9.49841868670855
9.52081327576677,9.17448860886979,5.61056119374347,5.01493256828538,4.66350137720897,6.51115191813223,10.6678896766661,7.64210381133434,9.43426808193524,6.56329852042594,9.47036662780786,10.3925305932774,6.702292961517,7.79459310372552,2.99121960499389,6.74964575076663,10.948030837286,6.20102771316308,4.36850143596322,5.82743609003952,8.75448131597021,5.09908252425715,9.16052611928944,6.17362326879948,11.5877325095352,8.15246996655005,5.1336762859014,9.2538750532811,6.35248927232784,8.04057896152508,5.5896995600657,8.38854071116484,5.55075302440707,9.61803485636658,11.5680956897625,4.9433915635053,10.3010854757334,7.14206687260752,10.3538133051974,9.73211659788969,9.15927160058875,11.0381045562211,5.37197452721345,8.45795879243152
10.0365708068693,6.72964323048593,3.77082016023542,5.47827615868308,4.23288674786742,7.69856590645726,8.80869504781752,7.30929617614417,8.56510326630719,6.88754688801338,9.08137497293791,10.2354803604192,7.12119037111392,7.1981241413664,2.84222037586571,6.03281950295276,10.6077859328224,5.54032080696284,5.09115328465491,5.59660344148818,7.17444358296583,4.59519650806213,9.0590008746303,7.60841952896968,11.9245840743323,6.9736428528641,4.23821506773884,9.70820691273602,5.43209181214458,8.51247779778267,4.45477769157404,8.26570076403162,5.36580171648405,8.82188126085503,11.0496439833641,5.42982184686948,10.4252878068569,6.17362326879948,10.0425175083811,10.3371325075983,8.49249380865633,10.2862112758225,6.60516700596399,7.80945851639273
9.98188106545889,10.4050780782292,6.00165445009258,5.09235253209638,4.89446306798014,6.20517578875573,10.2853869805929,7.4730447606744,9.0973331722306,6.85059577025515,9.04753733654574,9.96535453694484,6.76740258333952,7.70500589089267,3.94360439002409,5.81983552174432,10.8500764166095,6.07956548727271,4.7586335308467,5.5575054391133,7.22027387337075,6.22463502927805,9.09170499830837,6.3763573805692,11.8630828146877,7.60182178435099,5.48660347565284,9.13463840400668,6.74314019372719,8.00930111153241,5.23998230856923,8.24833605854037,5.72244175350091,9.29504671589248,11.2852887972992,4.69672747436862,9.06980099619157,5.88642162630025,9.99079014754468,9.52772687664652,7.82961546772099,10.6045420709989,5.73393225517791,8.75868691051927
10.028736237034,9.57403146846812,5.7603395019143,4.2127154739961,5.08643257857436,7.66018206430338,10.2272211338087,9.54870671984786,9.98549392542371,6.21455138984321,10.3535365931919,10.1509499219049,6.64821490599494,9.71588995574424,5.19736818133442,4.8294897812415,10.7178111674911,5.98204558441967,5.26020844507437,6.08076651780965,9.42034061057159,7.92555175926352,10.48775994699,6.26064492361038,11.8965426995114,9.55352774640006,5.28045513920081,9.88834793932255,6.71009249053089,8.15418805773249,6.53373052993729,9.88690594944434,5.26506583878187,9.55322393076047,10.9327000105205,5.54873161191364,10.4187067191255,8.46560874614664,10.1644949360294,10.9756007808122,9.42985112159344,10.0948974834754,5.35081998019615,9.98267962529395
10.1962677244979,10.6146051909537,5.80791984221341,5.35081998019615,5.08896166974374,6.54163439148022,10.3791663922615,6.69244468116126,9.42885807174058,6.57585371241954,9.52584325015168,10.7603482840055,7.86307729544497,8.28519004985796,4.74242947210995,5.92017785343801,11.1022220808884,6.00983644920471,4.51058729483178,5.93427965327849,7.38469734064359,6.78010893627106,9.64668931999642,6.44161564717268,11.6794127555053,7.9402674938216,5.22138577495453,8.97315999715182,6.34051086542977,7.71481332887816,3.67373582058185,7.862203165095,4.96871595964757,9.58033068882181,10.943887441175,4.72529488990019,11.2134466206387,6.01202688817528,10.6563226677765,9.98131309442625,8.91045698670089,10.7269915599103,5.76869376433326,8.8549557698695
10.4861439270629,10.8722597281608,6.73716780443725,6.44786498099985,4.76361752427582,4.74317765442644,10.028193418451,8.84898908876455,9.35821618184224,7.4090002485531,10.2717109077571,10.0932412344285,7.42340222873278,8.31044723751481,3.61679459393248,4.7107693524028,10.9704358168686,6.91980382995617,4.40201088165747,5.91042420025289,8.73876370640391,4.4894694631491,10.3164375935393,4.85209887782738,11.8039718698014,8.91011018794905,2.06373945703122,9.91391567998954,7.41644422835594,8.62200119574873,4.308518561926,7.97684019565702,3.7479061862095,9.79225094927536,11.2723155423974,6.05886235094489,9.62473480747172,7.04826425498895,10.7625404310172,10.7906712500961,8.96240557203411,10.2346654044549,4.04284990962935,10.2708246698993
9.81274708182531,9.5478364303027,6.8891387955217,5.16748919747652,4.9890327110269,7.27616333888185,9.79518122525584,7.91424968322732,9.20646777544121,7.652506617215,9.35412126762839,10.7685323809875,8.29173628220678,8.11245598401587,5.94828858924594,5.67544204649525,11.0230926245877,6.46038464355003,6.36910503381902,5.72612458408183,7.61331816277998,6.63165068322319,8.95708356423909,5.69193052155969,11.7215138665608,7.42177413830097,2.89380305807606,9.66504769142487,6.58688848313471,7.37063384292538,5.86627080291062,8.31345747776696,1.99021019498283,9.47618295955515,11.2717468125384,4.91655454386698,10.533476277796,6.53497504397664,10.4932765504874,10.3414415035738,8.83382584898607,11.0005494051846,5.130810495613,8.4960409733932
9.48362342843709,9.86713618748776,4.8321335170833,5.06848574191805,5.30373032138125,7.17444358296583,10.6989362393131,7.51313890416436,9.68233403268635,7.03463412950841,9.43837353111113,10.3447522260938,7.84655110303803,8.3075248336367,5.30043362664812,5.03275405942773,10.8857700597079,5.19040939201153,4.97373181156138,6.89929415036976,8.8822788798784,6.48404931256131,9.24769184199564,5.64332882532653,11.6288538563753,9.00575274474749,4.07797617403069,9.25238127272683,6.61407978483588,7.94087273595009,6.01028885030959,8.25244844305117,4.33652594046846,9.70225652552234,11.5044941206216,4.87572650652913,11.4033478303912,7.92936286430997,10.1109266812685,9.68207813357414,9.40816499276571,10.8912781779659,4.95278700017254,8.62271825423549
9.82851923877501,8.62307700132606,5.34696375074866,4.82055675466291,6.01688203279932,8.03444580104383,10.6571029927016,7.40379411968015,9.53274808872042,7.77316655743646,9.64968758278164,10.5076598353477,7.79213922580648,8.48963484602683,4.85944963525751,6.40945084210022,10.8877107262817,5.81603140914414,5.21899043332533,7.38858243855748,8.85962929015,7.11216594735525,9.30503389812307,4.79831617467729,11.9630740969222,8.8083537571701,3.72419518518206,9.41314110071973,6.95849392809146,8.32443849942798,5.81018758075706,8.21593739155762,4.4969546275627,9.5396734705122,11.3296391527546,5.66953185600118,11.368569855129,7.86153052316954,10.3778347090013,9.98325636405592,9.49553217160715,11.1054689250836,5.58812033175314,8.71946525002691
9.60049347216446,6.80226969291277,5.64385389376614,3.79409739719752,4.98430981477908,7.08444086410482,10.171447951727,8.33063046360563,9.36165832659925,7.31535954408056,9.22917566570363,9.79081031701665,7.40223044058729,8.16481231700438,4.58830488082656,6.34051086542977,10.7076698708375,5.70251209303917,4.2127154739961,5.63499288001855,7.97171519189732,5.89459319296909,9.09861678617467,5.82543985474499,11.8374144313394,8.27378519809115,1.64039386646288,8.96666033767205,6.09297246939949,7.81994614504476,5.36869519366408,7.68674753854702,5.39858546210037,9.54252214893227,11.3565745070656,5.56633335404217,11.479485068055,7.03085739366865,9.96620998433084,9.82940086027347,9.10968545662283,11.1338687889323,5.40311449952858,9.26310614657995
9.12491916448743,10.1496293610989,4.88439886202081,3.74382997520556,5.54873161191364,7.69437051166406,10.7731478939006,7.0674732966976,9.71985178355698,6.60370229314067,9.4913214349042,10.2095597837421,7.28166023952623,8.49249380865633,5.66542444302561,5.78092816908063,10.8685385493176,5.17602067162833,5.76122958164166,7.53433235173115,8.94801614994381,6.76387334592911,9.29744268710101,5.29163351342853,11.4528857597223,8.65264946867563,4.20851253959212,9.36330619780839,8.30508069991374,8.12343373212353,6.62197600205893,8.67109469997235,4.4432221735589,9.56550410294871,11.3507824404492,5.42755751968446,10.7287760770562,7.80205173457116,10.136533033033,9.33927121830884,9.39493105610748,10.911327266832,4.85004869535157,9.02482942043318
9.40701623839865,9.62287897637123,4.69961199468844,4.32934825906417,5.3958319471163,6.89852996516684,10.7870948452876,7.60806769273918,9.68906347308241,7.07081913158937,9.69513261193023,10.2798546939747,8.36357003747391,8.38278062588003,5.88546640227063,5.57038246069429,10.7535234115251,5.46655818469035,4.85741796178208,7.14318203037632,8.76765278955322,6.05980593808964,9.10850199547118,6.99029416005668,11.669235548035,8.46560874614664,4.59321158894958,9.30980837021956,7.75373520664557,7.70721230992356,6.15961330763994,8.47204383836442,5.39359218399916,9.76205728819108,11.4044845736556,5.38932943648506,10.9265566090174,7.80446418446083,9.99982534933888,9.42615547661684,9.19583005931093,10.8132144659429,4.74748203462471,8.47481487047752
10.8071284334785,11.38550440513,6.29861007105913,5.17549750395123,6.52153488111899,9.15241280910328,10.6254800671296,7.3786305809454,9.93833746604112,6.99834690917627,10.9784740052939,11.3364335852075,7.97684019565702,10.1303370281646,6.23960338906475,5.7243280583063,10.8907867162563,5.35631497079526,5.69620255798954,6.36704314747734,9.28190365775558,8.37317655766068,11.1813248695525,6.42605884340058,12.0559855373862,9.46801084191374,5.47931310466067,10.6695427488065,7.97108921885097,7.71911651152898,6.84272701498173,10.3908222655358,5.38006065899499,8.61535051830882,11.6181212902455,6.25672239993037,10.5050904768761,8.2305487439652,10.7857733696222,11.8538489485432,8.81050440835499,10.6565895305786,6.52795359347881,9.69453047546711
9.5029926266021,10.0877224921743,5.0231727094793,6.60841247215405,5.27875043513117,7.37827563878534,9.92905870676625,8.59063485254323,9.43569724319808,7.03758310799464,10.1660324024524,10.2676123734954,7.26107909604583,8.3920789555021,4.84278060285966,6.14056758638248,10.908562817968,5.43313557982637,4.98631166478053,6.06025849908347,8.19805352732612,6.68386958206685,9.38130265211973,6.84562809002271,11.7963508822979,8.40954197016761,3.12160833894503,10.8711779598913,6.40270965157249,7.55615500182555,5.86074134254609,8.66974999058337,5.95688519511825,8.82087763442436,11.2068197761416,4.35619420791555,10.4623185796612,7.05322330238826,10.2792972586241,10.4097791940516,8.53876796118796,10.8360780546773,5.62438660863536,9.62874168552811
10.9933820674171,11.0223105911225,6.66204756999001,6.25752533526211,7.08444086410482,10.2264319958518,10.3752628647487,7.07598076806941,9.81332784816392,8.70219847561021,11.2697340674022,11.7234394433376,8.05531188420277,10.048017485764,6.24806821310601,4.14275663253803,10.8187827687014,4.64445937004189,4.83542941457128,6.9557288067083,8.69957022226025,8.1227756757207,10.9999780260248,8.75013645545785,12.4864916826045,8.92418384314109,3.58096833822931,10.9729383641811,4.56496703216175,6.72442360342922,5.75655535374752,10.3164375935393,6.39090515631945,9.21383949873165,11.2606076992396,6.11542513823995,10.4393122209363,7.95276020430332,10.9592520633672,11.51934575792,8.64114103565095,11.123207668095,7.06330820361822,9.13431528787184
